,pid,involved_teams,pcreated_date_x,winner_predict,sentiment,lift,matchid,pcreated_date_y,result,winner,start_date,Teams
0,ll8b6w,Leipzig vs Liverpool,2021-02-16 20:04:24,Leipzig,"[0.006683333333333337, 0.2183142857142857]","[2.2388746803069055, 1.3551885697113746]",Leipzig vs Liverpool 2021-02-16 20:04:24,2021-02-16 20:04,"0,2", Liverpool,2021-02-16 21:00 CET,"{0: 'Leipzig', 1: ' Liverpool'}"
1,i615x3,Barcelona vs Napoli,2020-08-08 19:40:45,Barcelona,"[0.1325590909090909, -0.02443571428571429]","[1.7854160668010366, 1.6781688520818958]",Barcelona vs Napoli 2020-08-08 19:40:45,2020-08-08 19:40,"3,1",Barcelona,2020-08-08  21:00 CET,"{0: 'Barcelona', 1: ' Napoli'}"
2,f18m2v,Inter vs Milan,2020-02-09 16:27:49,Inter,"[-0.15157000000000004, -0.1288]","[2.474406413814369, 1.3865526253266809]",Inter vs Milan 2020-02-09 16:27:49,2020-02-09 16:27,"4,2",Inter,2020-02-09  20:45 CET,"{0: 'Inter', 1: ' Milan'}"
13,k4kovy,Ajax vs Liverpool,2020-12-01 16:20:52,Ajax,"[0.11745555555555555, 0.23136666666666664]","[2.3707949055775144, 1.3551885697113746]",Ajax vs Liverpool 2020-12-01 16:20:52,2020-12-01 16:20,"0,1", Liverpool,2020-12-01  21:00 CET,"{0: 'Ajax', 1: ' Liverpool'}"
14,ia9cmi,Lyon vs ManCity,2020-08-15 19:30:58,ManCity,"[0.1872255813953488, 0.19288684210526316]","[1.5779796668829764, 1.8471430951191068]",Lyon vs ManCity 2020-08-15 19:30:58,2020-08-15 19:30,"1,3", ManCity,2020-08-15  20:00 CET,"{0: 'Lyon', 1: ' ManCity'}"
15,bbk97x,Ajax vs Juventus,2019-04-10 14:07:34,Ajax,"[0.22994090909090908, -0.00865384615384616]","[2.3707949055775144, 2.3127264492753628]",Ajax vs Juventus 2019-04-10 14:07:34,2019-04-16 19:16,"2,1",Ajax,2019-04-16  20:00 CET,"{0: 'Ajax', 1: ' Juventus'}"
17,bdv40m,Ajax vs Juventus,2019-04-16 19:16:41,Ajax,"[0.20123902439024394, 0.16964062500000002]","[2.3707949055775144, 2.3127264492753628]",Ajax vs Juventus 2019-04-16 19:16:41,2019-04-16 19:16,"2,1",Ajax,2019-04-16  20:00 CET,"{0: 'Ajax', 1: ' Juventus'}"
19,bb67p7,ManCity vs Tottenham,2019-04-09 14:18:40,Tottenham,"[0.27537941176470593, 0.16011250000000002]","[1.8471430951191068, 2.179282225182673]",ManCity vs Tottenham 2019-04-09 14:18:40,2019-04-09 14:18,"0,1", Tottenham,2019-04-09  20:00 CET,"{0: 'ManCity', 1: ' Tottenham'}"
21,be66gi,ManCity vs Tottenham,2019-04-17 14:29:26,Tottenham,"[0.1250630434782609, 0.26708125]","[1.8471430951191068, 2.179282225182673]",ManCity vs Tottenham 2019-04-17 14:29:26,2019-04-09 14:18,"0,1", Tottenham,2019-04-09  20:00 CET,"{0: 'ManCity', 1: ' Tottenham'}"
24,icm9mf,Bayern vs Lyon,2020-08-19 15:59:15,Lyon,"[0.29148, 0.24733518518518516]","[1.0109128702580983, 1.5779796668829764]",Bayern vs Lyon 2020-08-19 15:59:15,2020-08-19 15:59,"3,0",Bayern,2020-08-19  21:00 CET,"{0: 'Bayern', 1: ' Lyon'}"
25,bj0dv7,Ajax vs Tottenham,2019-04-30 11:09:31,Ajax,"[0.33465531914893626, 0.23944647887323942]","[2.3707949055775144, 2.179282225182673]",Ajax vs Tottenham 2019-04-30 11:09:31,2019-04-30 11:09,"1,0",Ajax,2019-04-30  21:00 CET,"{0: 'Ajax', 1: ' Tottenham'}"
27,bm40fx,Ajax vs Tottenham,2019-05-08 15:20:31,Ajax,"[0.28162553191489365, 0.1111868421052632]","[2.3707949055775144, 2.179282225182673]",Ajax vs Tottenham 2019-05-08 15:20:31,2019-04-30 11:09,"1,0",Ajax,2019-04-30  21:00 CET,"{0: 'Ajax', 1: ' Tottenham'}"
29,bueprt,Arsenal vs Chelsea,2019-05-29 17:31:20,Arsenal,"[0.13832592592592594, 0.22178421052631578]","[2.4812925170068025, 1.7935429606625257]",Arsenal vs Chelsea 2019-05-29 17:31:20,2019-05-29 17:31,"1,4", Chelsea,2019-05-29  21:00 CET,"{0: 'Arsenal', 1: ' Chelsea'}"
30,ecalgc,Barcelona vs RealMadrid,2019-12-18 12:53:16,Barcelona,"[0.30366875000000004, 0.3035846153846154]","[1.7854160668010366, 1.4621492445266726]",Barcelona vs RealMadrid 2019-12-18 12:53:16,2020-10-24 14:58,"1,3", RealMadrid,2020-10-24  21:00 CET,"{0: 'Barcelona', 1: ' RealMadrid'}"
33,avdomv,Barcelona vs RealMadrid,2019-02-27 16:50:11,Barcelona,"[0.23708333333333334, 0.4438538461538461]","[1.7854160668010366, 1.4621492445266726]",Barcelona vs RealMadrid 2019-02-27 16:50:11,2020-10-24 14:58,"1,3", RealMadrid,2020-10-24  21:00 CET,"{0: 'Barcelona', 1: ' RealMadrid'}"
36,jh71av,Barcelona vs RealMadrid,2020-10-24 14:58:47,Barcelona,"[-0.02198888888888889, 0.06676]","[1.7854160668010366, 1.4621492445266726]",Barcelona vs RealMadrid 2020-10-24 14:58:47,2020-10-24 14:58,"1,3", RealMadrid,2020-10-24  21:00 CET,"{0: 'Barcelona', 1: ' RealMadrid'}"
39,bgvhli,ManCity vs ManUnited,2019-04-24 18:46:50,ManUnited,"[0.16990192307692306, 0.13732777777777774]","[1.8471430951191068, 2.0484148550724637]",ManCity vs ManUnited 2019-04-24 18:46:50,2019-04-24 18:46,"2,0",ManCity,2019-04-24  18:30 CET,"{0: 'ManCity', 1: ' ManUnited'}"
41,lls3ua,Juventus vs Porto,2021-02-17 14:07:53,Juventus,"[0.149625, 0.19908749999999995]","[2.3127264492753628, 1.9669700033704076]",Juventus vs Porto 2021-02-17 14:07:53,2021-02-17 14:07,"1,2", Porto,2021-02-17 21:00 CET,"{0: 'Juventus', 1: ' Porto'}"
42,lls7gu,Dortmund vs Sevilla,2021-02-17 14:14:27,Sevilla,"[0.02294545454545455, 0.1398818181818182]","[1.8386893509766855, 2.4165631469979294]",Dortmund vs Sevilla 2021-02-17 14:14:27,2021-02-17 14:14,"2,3", Sevilla,2021-02-17 21:00 CET,"{0: 'Dortmund', 1: ' Sevilla'}"
43,iaw5ou,ManUnited vs Sevilla,2020-08-16 21:12:58,Sevilla,"[0.16184761904761902, 0.23891851851851853]","[2.0484148550724637, 2.4165631469979294]",ManUnited vs Sevilla 2020-08-16 21:12:58,2020-08-16 21:12,"1,2", Sevilla,2020-08-16  21:00 CET,"{0: 'ManUnited', 1: ' Sevilla'}"
44,bdtgi9,Barcelona vs ManUnited,2019-04-16 16:40:00,ManUnited,"[0.30003333333333326, 0.21755172413793103]","[1.7854160668010366, 2.0484148550724637]",Barcelona vs ManUnited 2019-04-16 16:40:00,2019-04-10 13:56,"1,0",Barcelona,2019-04-10  20:00 CET,"{0: 'Barcelona', 1: ' ManUnited'}"
46,bbk69q,Barcelona vs ManUnited,2019-04-10 13:56:23,ManUnited,"[0.19804500000000003, 0.26535555555555557]","[1.7854160668010366, 2.0484148550724637]",Barcelona vs ManUnited 2019-04-10 13:56:23,2019-04-10 13:56,"1,0",Barcelona,2019-04-10  20:00 CET,"{0: 'Barcelona', 1: ' ManUnited'}"
48,lixzig,Juventus vs Napoli,2021-02-13 13:15:10,Juventus,"[0.009880000000000007, -0.09203888888888889]","[2.3127264492753628, 1.6781688520818958]",Juventus vs Napoli 2021-02-13 13:15:10,2021-02-13 13:15,"0,1", Napoli,2021-02-13 18:00 CET,"{0: 'Juventus', 1: ' Napoli'}"
50,l1dtwa,Juventus vs Napoli,2021-01-20 20:28:24,Juventus,"[0, -0.07642499999999999]","[2.3127264492753628, 1.6781688520818958]",Juventus vs Napoli 2021-01-20 20:28:24,2021-02-13 13:15,"0,1", Napoli,2021-02-13 18:00 CET,"{0: 'Juventus', 1: ' Napoli'}"
52,cotije,Chelsea vs ManUnited,2019-08-11 10:34:08,ManUnited,"[0.33682068965517237, 0.08347692307692306]","[1.7935429606625257, 2.0484148550724637]",Chelsea vs ManUnited 2019-08-11 10:34:08,2019-08-11 10:34,"0,4", ManUnited,2019-08-11  21:00 CET,"{0: 'Chelsea', 1: ' ManUnited'}"
53,ibgqe4,Inter vs Shakhtar,2020-08-17 19:54:18,Shakhtar,"[0.26471666666666666, 0.1849666666666666]","[2.474406413814369, 3.3831884057971013]",Inter vs Shakhtar 2020-08-17 19:54:18,2020-08-17 19:54,"5,0",Inter,2020-08-17  21:00 CET,"{0: 'Inter', 1: ' Shakhtar'}"
54,i9n3t9,Barcelona vs Bayern,2020-08-14 18:37:02,Barcelona,"[0.1835020618556701, 0.16801403508771934]","[1.7854160668010366, 1.0109128702580983]",Barcelona vs Bayern 2020-08-14 18:37:02,2020-08-14 18:37,"2,8", Bayern,2020-08-14 21:00 CET,"{0: 'Barcelona', 1: ' Bayern'}"
55,d7nqtr,Lyon vs PSG,2019-09-22 12:30:03,PSG,"[0.6897166666666666, 0.58334]","[1.5779796668829764, 1.7439115493799493]",Lyon vs PSG 2019-09-22 12:30:03,2019-09-22 12:30,"0,1", PSG,2019-09-22  22:00 CET,"{0: 'Lyon', 1: ' PSG'}"
56,haur88,Arsenal vs ManCity,2020-06-17 20:36:56,Arsenal,"[0.056000000000000015, 0.23615833333333333]","[2.4812925170068025, 1.8471430951191068]",Arsenal vs ManCity 2020-06-17 20:36:56,2020-06-17 20:36,"0,3", ManCity,2020-06-17  21:00 CET,"{0: 'Arsenal', 1: ' ManCity'}"
57,f98goh,Bayern vs Chelsea,2020-02-25 13:44:17,Chelsea,"[0.33855833333333335, 0.098475]","[1.0109128702580983, 1.7935429606625257]",Bayern vs Chelsea 2020-02-25 13:44:17,2020-02-25 13:44,"3,2",Bayern,2020-02-25  21:00 CET,"{0: 'Bayern', 1: ' Chelsea'}"
58,k0ubvh,Inter vs RealMadrid,2020-11-25 18:37:24,Inter,"[0.20503333333333332, 0.343725]","[2.474406413814369, 1.4621492445266726]",Inter vs RealMadrid 2020-11-25 18:37:24,2020-11-25 18:37,"0,2", RealMadrid,2020-11-25  21:00 CET,"{0: 'Inter', 1: ' RealMadrid'}"
60,jn9l4p,Inter vs RealMadrid,2020-11-03 15:41:40,Inter,"[0.03100000000000001, 0.2489222222222222]","[2.474406413814369, 1.4621492445266726]",Inter vs RealMadrid 2020-11-03 15:41:40,2020-11-25 18:37,"0,2", RealMadrid,2020-11-25  21:00 CET,"{0: 'Inter', 1: ' RealMadrid'}"
62,jy8tp2,AtleticoMadrid vs Barcelona,2020-11-21 13:45:55,Barcelona,"[0.19081111111111115, 0.24400000000000002]","[0.0, 1.7854160668010366]",AtleticoMadrid vs Barcelona 2020-11-21 13:45:55,2020-11-21 13:45,"1,0",AtleticoMadrid,2020-11-21  21:00 CET,"{0: 'AtleticoMadrid', 1: ' Barcelona'}"
63,f5q4ot,Dortmund vs PSG,2020-02-18 14:02:15,Dortmund,"[0.3161566666666667, 0.12374693877551018]","[1.8386893509766855, 1.7439115493799493]",Dortmund vs PSG 2020-02-18 14:02:15,2020-02-18 14:02,"2,1",Dortmund,2020-02-18 21:00 CET,"{0: 'Dortmund', 1: ' PSG'}"
65,fgwrtt,Dortmund vs PSG,2020-03-11 17:00:42,Dortmund,"[0.11129999999999998, 0.14204545454545456]","[1.8386893509766855, 1.7439115493799493]",Dortmund vs PSG 2020-03-11 17:00:42,2020-02-18 14:02,"2,1",Dortmund,2020-02-18 21:00 CET,"{0: 'Dortmund', 1: ' PSG'}"
67,if2xou,Bayern vs PSG,2020-08-23 17:12:01,PSG,"[0.21069285714285715, 0.18401460674157305]","[1.0109128702580983, 1.7439115493799493]",Bayern vs PSG 2020-08-23 17:12:01,2020-08-23 17:12,"0,1", PSG,2020-08-23 21:00 CET,"{0: 'Bayern', 1: ' PSG'}"
68,iby8xn,Leipzig vs PSG,2020-08-18 14:10:00,Leipzig,"[0.11813488372093027, 0.20852162162162163]","[2.2388746803069055, 1.7439115493799493]",Leipzig vs PSG 2020-08-18 14:10:00,2020-08-18 14:10,"4,2",Leipzig,2020-08-18  21:00 CET,"{0: 'Leipzig', 1: ' PSG'}"
69,i5acx4,ManCity vs RealMadrid,2020-08-07 12:51:36,ManCity,"[0.11667586206896553, 0.3282750000000001]","[1.8471430951191068, 1.4621492445266726]",ManCity vs RealMadrid 2020-08-07 12:51:36,2020-08-07 12:51,"2,1",ManCity,2020-08-07  21:00 CET,"{0: 'ManCity', 1: ' RealMadrid'}"
