Team Name,Other Name
FC Bayern Munchen,Bayern
FC Barcelona,Barca
Juventus,Juve
Real Madrid CF,Real
Club Atletico de Madrid,Atleti
Club Atletico de Madrid,Atletico
Manchester City FC,City
Manchester City FC,Manchester City
Paris Saint-Germain,PSG
Liverpool FC,Liverpool
Sevilla FC,Sevilla
Manchester United FC,Manu
Manchester United FC,United
Manchester United FC,Manchester United
Arsenal FC,Arsenal
Arsenal FC,Gunners
Borussia Dortmund,Dortmund
Chelsea FC,Chelsea
FC Porto,Porto
Tottenham Hotspur,Tottenham
Tottenham Hotspur,Spurs
Olympique Lyonnais,Lyon
Olympique Lyonnais,OL
FC Shakhtar,Shakthar
AS Roma,Roma
AFC Ajax,Ajax
SSC Napoli,Napoli
RB Leipzig,Leipzig
FC Salzburg,Salzburg
Bayer 04 Leverkeusen,Leverkeusen
SL Benfica,Benfica
FC Internazionale Milano,Inter
FC Internazionale Milano,Internazionale
AC Milan,Milan
Villarreal CF,Villarreal
