,pid,involved_teams,pcreated_date_x,winner_predict,sentiment,lift,pcreated_date_y,result,winner,Teams
0,ia9cmi,Lyon vs ManCity,2020-08-15 19:30:58,ManCity,"[0.1872255813953488, 0.19288684210526316]","[1.5779796668829764, 1.8471430951191068]",2020-08-15 19:30,"1,3", ManCity,"{0: 'Lyon', 1: ' ManCity'}"
10,jy8tp2,AtleticoMadrid vs Barcelona,2020-11-21 13:45:55,Barcelona,"[0.19081111111111113, 0.24400000000000002]","[0.0, 1.7854160668010366]",2020-11-21 13:45,"1,0",AtleticoMadrid,"{0: 'AtleticoMadrid', 1: ' Barcelona'}"
11,lls7gu,Dortmund vs Sevilla,2021-02-17 14:14:27,Sevilla,"[0.02294545454545455, 0.1398818181818182]","[1.8386893509766855, 2.4165631469979294]",2021-02-17 14:14,"2,3", Sevilla,"{0: 'Dortmund', 1: ' Sevilla'}"
12,bbk97x,Ajax vs Juventus,2019-04-10 14:07:34,Ajax,"[0.22994090909090908, -0.008653846153846154]","[2.3707949055775144, 2.3127264492753628]",2019-04-16 19:16,"2,1",Ajax,"{0: 'Ajax', 1: ' Juventus'}"
14,bdv40m,Ajax vs Juventus,2019-04-16 19:16:41,Ajax,"[0.2012390243902439, 0.16964062500000002]","[2.3707949055775144, 2.3127264492753628]",2019-04-16 19:16,"2,1",Ajax,"{0: 'Ajax', 1: ' Juventus'}"
16,i615x3,Barcelona vs Napoli,2020-08-08 19:40:45,Barcelona,"[0.1325590909090909, -0.02443571428571429]","[1.7854160668010366, 1.6781688520818958]",2020-08-08 19:40,"3,1",Barcelona,"{0: 'Barcelona', 1: ' Napoli'}"
17,be66gi,ManCity vs Tottenham,2019-04-17 14:29:26,Tottenham,"[0.1250630434782609, 0.26708125]","[1.8471430951191068, 2.179282225182673]",2019-04-09 14:18,"0,1", Tottenham,"{0: 'ManCity', 1: ' Tottenham'}"
19,bb67p7,ManCity vs Tottenham,2019-04-09 14:18:40,Tottenham,"[0.27537941176470593, 0.16011250000000002]","[1.8471430951191068, 2.179282225182673]",2019-04-09 14:18,"0,1", Tottenham,"{0: 'ManCity', 1: ' Tottenham'}"
21,f98goh,Bayern vs Chelsea,2020-02-25 13:44:17,Chelsea,"[0.3385583333333333, 0.09847500000000001]","[1.0109128702580983, 1.7935429606625257]",2020-02-25 13:44,"3,2",Bayern,"{0: 'Bayern', 1: ' Chelsea'}"
23,icm9mf,Bayern vs Lyon,2020-08-19 15:59:15,Lyon,"[0.29148, 0.2473351851851852]","[1.0109128702580983, 1.5779796668829764]",2020-08-19 15:59,"3,0",Bayern,"{0: 'Bayern', 1: ' Lyon'}"
24,iaw5ou,ManUnited vs Sevilla,2020-08-16 21:12:58,Sevilla,"[0.16184761904761907, 0.23891851851851859]","[2.0484148550724637, 2.4165631469979294]",2020-08-16 21:12,"1,2", Sevilla,"{0: 'ManUnited', 1: ' Sevilla'}"
26,f5q4ot,Dortmund vs PSG,2020-02-18 14:02:15,Dortmund,"[0.3161566666666667, 0.12374693877551021]","[1.8386893509766855, 1.7439115493799493]",2020-02-18 14:02,"2,1",Dortmund,"{0: 'Dortmund', 1: ' PSG'}"
28,fgwrtt,Dortmund vs PSG,2020-03-11 17:00:42,Dortmund,"[0.11129999999999998, 0.14204545454545456]","[1.8386893509766855, 1.7439115493799493]",2020-02-18 14:02,"2,1",Dortmund,"{0: 'Dortmund', 1: ' PSG'}"
30,bgvhli,ManCity vs ManUnited,2019-04-24 18:46:50,ManUnited,"[0.16990192307692306, 0.1373277777777778]","[1.8471430951191068, 2.0484148550724637]",2019-04-24 18:46,"2,0",ManCity,"{0: 'ManCity', 1: ' ManUnited'}"
31,bm40fx,Ajax vs Tottenham,2019-05-08 15:20:31,Ajax,"[0.28162553191489365, 0.11118684210526317]","[2.3707949055775144, 2.179282225182673]",2019-04-30 11:09,"1,0",Ajax,"{0: 'Ajax', 1: ' Tottenham'}"
33,bj0dv7,Ajax vs Tottenham,2019-04-30 11:09:31,Ajax,"[0.33465531914893626, 0.23944647887323947]","[2.3707949055775144, 2.179282225182673]",2019-04-30 11:09,"1,0",Ajax,"{0: 'Ajax', 1: ' Tottenham'}"
35,ll8b6w,Leipzig vs Liverpool,2021-02-16 20:04:24,Leipzig,"[0.006683333333333337, 0.2183142857142857]","[2.2388746803069055, 1.3551885697113746]",2021-02-16 20:04,"0,2", Liverpool,"{0: 'Leipzig', 1: ' Liverpool'}"
36,i9n3t9,Barcelona vs Bayern,2020-08-14 18:37:02,Barcelona,"[0.1835020618556701, 0.1680140350877193]","[1.7854160668010366, 1.0109128702580983]",2020-08-14 18:37,"2,8", Bayern,"{0: 'Barcelona', 1: ' Bayern'}"
37,ibgqe4,Inter vs Shakhtar,2020-08-17 19:54:18,Shakhtar,"[0.26471666666666666, 0.1849666666666666]","[2.474406413814369, 3.3831884057971013]",2020-08-17 19:54,"5,0",Inter,"{0: 'Inter', 1: ' Shakhtar'}"
38,iby8xn,Leipzig vs PSG,2020-08-18 14:10:00,Leipzig,"[0.11813488372093024, 0.20852162162162163]","[2.2388746803069055, 1.7439115493799493]",2020-08-18 14:10,"4,2",Leipzig,"{0: 'Leipzig', 1: ' PSG'}"
39,jn9l4p,Inter vs RealMadrid,2020-11-03 15:41:40,Inter,"[0.031000000000000034, 0.2489222222222222]","[2.474406413814369, 1.4621492445266726]",2020-11-25 18:37,"0,2", RealMadrid,"{0: 'Inter', 1: ' RealMadrid'}"
41,k0ubvh,Inter vs RealMadrid,2020-11-25 18:37:24,Inter,"[0.20503333333333332, 0.343725]","[2.474406413814369, 1.4621492445266726]",2020-11-25 18:37,"0,2", RealMadrid,"{0: 'Inter', 1: ' RealMadrid'}"
43,haur88,Arsenal vs ManCity,2020-06-17 20:36:56,Arsenal,"[0.056000000000000015, 0.23615833333333333]","[2.4812925170068025, 1.8471430951191068]",2020-06-17 20:36,"0,3", ManCity,"{0: 'Arsenal', 1: ' ManCity'}"
44,bdtgi9,Barcelona vs ManUnited,2019-04-16 16:40:00,ManUnited,"[0.3000333333333333, 0.21755172413793106]","[1.7854160668010366, 2.0484148550724637]",2019-04-10 13:56,"1,0",Barcelona,"{0: 'Barcelona', 1: ' ManUnited'}"
46,bbk69q,Barcelona vs ManUnited,2019-04-10 13:56:23,ManUnited,"[0.198045, 0.2653555555555555]","[1.7854160668010366, 2.0484148550724637]",2019-04-10 13:56,"1,0",Barcelona,"{0: 'Barcelona', 1: ' ManUnited'}"
48,d7nqtr,Lyon vs PSG,2019-09-22 12:30:03,PSG,"[0.6897166666666666, 0.58334]","[1.5779796668829764, 1.7439115493799493]",2019-09-22 12:30,"0,1", PSG,"{0: 'Lyon', 1: ' PSG'}"
49,lls3ua,Juventus vs Porto,2021-02-17 14:07:53,Juventus,"[0.149625, 0.1990875]","[2.3127264492753628, 1.9669700033704076]",2021-02-17 14:07,"1,2", Porto,"{0: 'Juventus', 1: ' Porto'}"
50,bueprt,Arsenal vs Chelsea,2019-05-29 17:31:20,Arsenal,"[0.13832592592592594, 0.22178421052631578]","[2.4812925170068025, 1.7935429606625257]",2019-05-29 17:31,"1,4", Chelsea,"{0: 'Arsenal', 1: ' Chelsea'}"
52,k4kovy,Ajax vs Liverpool,2020-12-01 16:20:52,Ajax,"[0.11745555555555555, 0.2313666666666667]","[2.3707949055775144, 1.3551885697113746]",2020-12-01 16:20,"0,1", Liverpool,"{0: 'Ajax', 1: ' Liverpool'}"
53,l1dtwa,Juventus vs Napoli,2021-01-20 20:28:24,Juventus,"[0, -0.07642499999999999]","[2.3127264492753628, 1.6781688520818958]",2021-02-13 13:15,"0,1", Napoli,"{0: 'Juventus', 1: ' Napoli'}"
55,lixzig,Juventus vs Napoli,2021-02-13 13:15:10,Juventus,"[0.009880000000000007, -0.09203888888888886]","[2.3127264492753628, 1.6781688520818958]",2021-02-13 13:15,"0,1", Napoli,"{0: 'Juventus', 1: ' Napoli'}"
57,if2xou,Bayern vs PSG,2020-08-23 17:12:01,PSG,"[0.21069285714285718, 0.18401460674157302]","[1.0109128702580983, 1.7439115493799493]",2020-08-23 17:12,"0,1", PSG,"{0: 'Bayern', 1: ' PSG'}"
58,f18m2v,Inter vs Milan,2020-02-09 16:27:49,Inter,"[-0.15157, -0.1288]","[2.474406413814369, 1.3865526253266809]",2020-02-09 16:27,"4,2",Inter,"{0: 'Inter', 1: ' Milan'}"
59,i5acx4,ManCity vs RealMadrid,2020-08-07 12:51:36,ManCity,"[0.11667586206896552, 0.32827500000000004]","[1.8471430951191068, 1.4621492445266726]",2020-08-07 12:51,"2,1",ManCity,"{0: 'ManCity', 1: ' RealMadrid'}"
60,avdomv,Barcelona vs RealMadrid,2019-02-27 16:50:11,Barcelona,"[0.23708333333333334, 0.44385384615384615]","[1.7854160668010366, 1.4621492445266726]",2020-10-24 14:58,"1,3", RealMadrid,"{0: 'Barcelona', 1: ' RealMadrid'}"
63,jh71av,Barcelona vs RealMadrid,2020-10-24 14:58:47,Barcelona,"[-0.021988888888888905, 0.06676]","[1.7854160668010366, 1.4621492445266726]",2020-10-24 14:58,"1,3", RealMadrid,"{0: 'Barcelona', 1: ' RealMadrid'}"
66,ecalgc,Barcelona vs RealMadrid,2019-12-18 12:53:16,Barcelona,"[0.30366875, 0.3035846153846154]","[1.7854160668010366, 1.4621492445266726]",2020-10-24 14:58,"1,3", RealMadrid,"{0: 'Barcelona', 1: ' RealMadrid'}"
69,cotije,Chelsea vs ManUnited,2019-08-11 10:34:08,ManUnited,"[0.33682068965517237, 0.08347692307692307]","[1.7935429606625257, 2.0484148550724637]",2019-08-11 10:34,"0,4", ManUnited,"{0: 'Chelsea', 1: ' ManUnited'}"
